seq,token_code,forward_time,delivery_time,meter,kwh,receipt_no,pay_time,trans_id,amount_mk,lag_seconds,status
1,22716776434581881926,2024-08-31 16:28:23,2024-08-31 16:09:45,37154463253,64.8,592152024083151887646,2024-08-31 16:09:43,MP240831.1614.L18422,,2.0,MATCHED
2,46292468818231968969,2024-09-03 09:01:31,2024-09-03 06:43:58,37154463253,64.8,592152024090352056711,2024-09-03 06:43:51,MP240903.0648.H57238,,7.0,MATCHED
3,32673849268140789054,2024-09-06 10:04:46,2024-09-06 10:03:52,37154463253,64.8,592152024090652207968,2024-09-06 10:03:48,MP240906.1008.L98742,,4.0,MATCHED
4,46885957114897183344,2024-09-07 08:08:55,2024-09-07 08:06:08,37134859091,64.8,592152024090752245388,2024-09-07 08:06:05,MP240907.0806.I01694,,3.0,CROSS_METER_MATCHED
5,01707649665007892104,2024-09-09 07:11:53,2024-09-09 07:11:16,37154463253,64.8,592152024090952323498,2024-09-09 07:11:13,MP240909.0711.I20886,,3.0,MATCHED
6,51932824545781608201,2024-09-13 07:14:39,2024-09-13 07:13:45,37154463253,64.8,592152024091352467274,2024-09-13 07:13:40,MP240913.0713.G15335,,5.0,MATCHED
7,42943476211876425819,2024-09-16 08:08:30,2024-09-16 08:07:59,37154463253,64.8,592152024091652598751,2024-09-16 08:07:57,MP240916.0807.I90460,,2.0,MATCHED
8,21959327599790350285,2024-09-18 11:16:55,2024-09-18 11:15:56,37154463253,64.8,592152024091852703382,2024-09-18 11:15:49,MP240918.1115.G77271,,7.0,MATCHED
9,60797459495163486090,2024-09-20 11:36:11,2024-09-20 11:27:39,37154463253,64.8,592152024092052803910,2024-09-20 11:27:36,MP240920.1127.G28433,,3.0,MATCHED
10,24752107524217375093,2024-09-21 20:16:46,2024-09-21 20:03:42,37154463253,64.8,592152024092152888750,2024-09-21 20:03:41,MP240921.2003.H75736,,1.0,MATCHED
11,14999289295988214059,2024-09-25 06:15:58,2024-09-25 06:14:15,37154463253,64.8,592152024092553059521,2024-09-25 06:14:11,MP240925.0614.Y70839,,4.0,MATCHED
12,02969856973743333482,2024-10-09 08:50:31,2024-10-09 08:49:59,37154463253,64.8,592152024100953846996,2024-10-09 08:49:54,MP241009.0849.L34328,,5.0,MATCHED
13,15728199557020944474,2024-10-11 14:37:50,2024-10-11 14:37:19,37154463253,64.8,592152024101153937024,2024-10-11 14:37:12,MP241011.1437.G38971,,7.0,MATCHED
14,16867701997884403323,2024-10-14 12:44:22,2024-10-13 19:56:10,37154463253,64.8,592152024101354036166,2024-10-13 19:54:14,MP241013.1954.Y01482,,116.0,MATCHED
15,30247731411112742110,2024-10-17 14:07:24,2024-10-17 14:06:50,37154463253,64.8,592152024101754189507,2024-10-17 14:06:47,MP241017.1406.L68506,,3.0,MATCHED
16,61468366600852139512,2024-10-19 12:08:49,2024-10-19 12:07:50,37154463253,64.8,592152024101954284082,2024-10-19 12:07:47,MP241019.1207.H45802,,3.0,MATCHED
17,14210922800358396143,2024-10-21 09:35:07,2024-10-21 09:33:16,37154463253,64.8,592152024102154383692,2024-10-21 09:33:14,MP241021.0933.H28389,,2.0,MATCHED
18,11126293964049742155,2024-10-23 12:29:49,2024-10-23 12:28:53,37154463253,64.8,592152024102354507101,2024-10-23 12:28:48,MP241023.1228.Y92283,,5.0,MATCHED
19,63849674556211163403,2024-10-26 07:46:33,2024-10-26 07:46:00,37154463253,64.8,592152024102654676572,2024-10-26 07:45:56,MP241026.0745.I22213,,4.0,MATCHED
20,30029093225409830034,2024-10-28 13:00:12,2024-10-28 12:59:48,37154463253,64.8,592152024102854822727,2024-10-28 12:59:43,MP241028.1259.H93921,,5.0,MATCHED
21,30043926376567964210,2024-10-29 16:26:45,2024-10-29 16:26:10,37154463253,64.8,592152024102954892702,2024-10-29 16:26:04,MP241029.1626.L84506,,6.0,MATCHED
22,19361603397693411994,2024-10-30 18:22:13,2024-10-30 18:21:11,37154463253,64.8,592152024103054960343,2024-10-30 18:21:07,MP241030.1821.L34904,,4.0,MATCHED
23,50209895146010653038,2024-10-31 16:36:41,2024-10-31 16:25:28,37154463253,64.8,592152024103155012091,2024-10-31 16:25:22,MP241031.1625.D25939,,6.0,MATCHED
24,04888228718667098623,2024-11-03 12:35:57,2024-11-03 12:34:40,37154463253,64.8,592152024110355206737,2024-11-03 12:34:35,MP241103.1234.D76046,,5.0,MATCHED
25,46068015219450311828,2024-11-04 13:21:07,2024-11-04 13:20:28,37154463253,64.8,592152024110455259892,2024-11-04 13:20:26,MP241104.1320.I19556,,2.0,MATCHED
26,59836702828857454518,2024-11-06 11:01:38,2024-11-05 21:59:54,37134859091,64.8,592152024110555342840,2024-11-05 21:59:52,MP241105.2159.L82306,,2.0,CROSS_METER_MATCHED
27,55075775061854811506,2024-11-06 11:09:12,2024-11-06 10:59:40,37154463253,64.8,592152024110655361061,2024-11-06 10:59:37,MP241106.1059.L53088,,3.0,MATCHED
28,45997165311684367027,2024-11-07 12:07:12,2024-11-07 11:45:16,37154463253,64.8,592152024110755408314,2024-11-07 11:45:11,MP241107.1145.Y82902,,5.0,MATCHED
29,32792572120030865854,2024-11-09 07:00:47,2024-11-09 06:38:12,37154463253,64.8,592152024110955480241,2024-11-09 06:38:09,MP241109.0638.I70147,,3.0,MATCHED
30,45257880229623271484,2024-11-10 10:45:49,2024-11-10 10:45:00,37154463253,64.8,592152024111055536591,2024-11-10 10:44:59,MP241110.1044.Y48218,,1.0,MATCHED
31,06600761289464195255,2024-11-11 11:26:41,,,,,,,,,TOKEN_NOT_IN_SMS
32,06600761289464195251,2024-11-11 11:27:23,2024-11-11 11:25:38,37154463253,64.8,592152024111155582926,2024-11-11 11:25:36,MP241111.1125.I84831,,2.0,MATCHED
33,65876097219419539064,2024-11-13 12:27:24,2024-11-13 11:51:09,37154463253,64.8,592152024111355676632,2024-11-13 11:51:06,MP241113.1151.G95669,,3.0,MATCHED
34,28476450789303293654,2024-11-14 21:33:22,2024-11-14 16:23:11,37154463253,64.8,592152024111455732675,2024-11-14 16:23:08,MP241114.1623.L65117,,3.0,MATCHED
35,03574923345941539849,2024-11-16 11:32:40,2024-11-16 11:30:42,37154463253,64.8,592152024111655818991,2024-11-16 11:30:39,MP241116.1130.Y70673,,3.0,MATCHED
36,31374511286359727655,2024-11-18 16:37:54,2024-11-18 16:36:42,37154463253,64.8,592152024111855924777,2024-11-18 16:36:36,MP241118.1636.I77683,,6.0,MATCHED
37,49163092898841937077,2024-11-20 12:31:50,2024-11-20 12:31:00,37154463253,64.8,592152024112056015311,2024-11-20 12:30:58,MP241120.1230.Y74447,,2.0,MATCHED
38,63625331780964343712,2024-11-21 12:47:47,2024-11-21 12:46:55,37154463253,64.8,592152024112156066132,2024-11-21 12:46:53,MP241121.1246.I96959,,2.0,MATCHED
39,42610789598792931492,2024-11-23 20:44:51,2024-11-23 20:43:37,37154463253,64.8,592152024112356209941,2024-11-23 20:43:35,MP241123.2043.G58635,,2.0,MATCHED
40,70352085060954884984,2024-11-27 08:54:42,2024-11-27 08:52:33,37154463253,64.8,592152024112756431849,2024-11-27 08:52:27,MP241127.0852.Y13455,,6.0,MATCHED
41,09126771293073042174,2024-11-28 08:33:21,2024-11-28 08:32:20,37154463253,64.8,592152024112856490016,2024-11-28 08:32:18,MP241128.0832.G82917,,2.0,MATCHED
42,53040454646404405305,2024-11-30 09:15:06,2024-11-30 09:14:30,37154463253,64.8,592152024113056594669,2024-11-30 09:14:27,MP241130.0914.H26828,,3.0,MATCHED
43,10917900428545497016,2024-12-01 07:16:09,2024-12-01 07:00:11,37154463253,64.8,592152024120156645029,2024-12-01 07:00:10,MP241201.0700.Y77648,,1.0,MATCHED
44,55154693456591161491,2024-12-01 12:34:40,2024-12-01 12:33:57,37154463253,64.8,592152024120156664593,2024-12-01 12:33:53,MP241201.1233.L24593,,4.0,MATCHED
45,17238303824253798808,2024-12-02 13:58:20,2024-12-02 13:57:19,37154463253,64.8,592152024120256734144,2024-12-02 13:57:17,MP241202.1357.H60526,,2.0,MATCHED
46,25258681767424553673,2024-12-03 13:27:39,2024-12-03 13:26:45,37154463253,64.8,592152024120356788816,2024-12-03 13:26:42,MP241203.1326.G87909,,3.0,MATCHED
47,07823715644962664992,2024-12-05 06:47:05,2024-12-05 06:46:21,37154463253,64.8,592152024120556867272,2024-12-05 06:46:17,MP241205.0646.D78306,,4.0,MATCHED
48,71179335943744680105,2024-12-08 07:01:52,2024-12-08 07:01:27,37154463253,64.8,592152024120856984091,2024-12-08 07:01:23,MP241208.0701.D94463,,4.0,MATCHED
49,50350372839285642380,2024-12-10 08:43:54,2024-12-10 08:43:19,37154463253,64.8,592152024121057045067,2024-12-10 08:43:16,MP241210.0843.H08406,,3.0,MATCHED
50,34654921406624678971,2024-12-23 09:59:58,2024-12-23 09:58:28,37154463253,64.8,592152024122357529644,2024-12-23 09:58:26,MP241223.0958.G20206,,2.0,MATCHED
51,21561540184810596553,2024-12-24 08:56:58,2024-12-24 08:50:23,37154463253,64.8,592152024122457578126,2024-12-24 08:50:21,MP241224.0850.L33612,,2.0,MATCHED
52,12725962678346788195,2024-12-25 10:48:24,2024-12-25 10:47:53,37154463253,64.8,592152024122557639776,2024-12-25 10:47:49,MP241225.1047.B75483,,4.0,MATCHED
53,11067768120275884070,2024-12-26 17:38:49,2024-12-26 17:38:06,37154463253,64.8,592152024122657704665,2024-12-26 17:38:04,MP241226.1738.H42803,,2.0,MATCHED
54,34719537954300640337,2024-12-28 09:42:39,2024-12-28 09:42:09,37154463253,64.8,592152024122857784563,2024-12-28 09:42:05,MP241228.0942.A29576,,4.0,MATCHED
55,37796853137223716632,2024-12-30 12:18:20,2024-12-30 12:17:28,37154463253,64.8,592152024123057908291,2024-12-30 12:17:25,MP241230.1217.A65917,,3.0,MATCHED
56,59884695580408211269,2024-12-31 17:00:58,2024-12-31 16:47:45,37154463253,64.8,592152024123157968563,2024-12-31 16:47:43,MP241231.1647.G96475,,2.0,MATCHED
57,13401457280538070800,2025-01-02 19:04:56,2025-01-02 19:04:05,37154463253,64.8,592152025010258104543,2025-01-02 19:04:02,MP250102.1904.G21996,,3.0,MATCHED
58,25078075582181011661,2025-01-04 12:30:36,2025-01-04 12:30:02,37154463253,64.8,592152025010458174049,2025-01-04 12:30:01,MP250104.1230.Y01496,,1.0,MATCHED
59,39487835563008704905,2025-01-05 14:14:30,2025-01-05 13:46:47,37154463253,64.8,592152025010558217231,2025-01-05 13:46:45,MP250105.1346.G83619,,2.0,MATCHED
60,27004591364062052629,2025-01-07 10:48:06,2025-01-07 10:46:14,37154463253,64.8,592152025010758289172,2025-01-07 10:45:56,MP250107.1045.A11078,,18.0,MATCHED
61,45859185623891193881,2025-01-10 15:47:20,2025-01-10 15:46:37,37154463253,64.8,592152025011058404293,2025-01-10 15:46:35,MP250110.1546.Y88787,,2.0,MATCHED
62,13598493115838172481,2025-01-13 10:44:25,2025-01-12 06:57:50,37154345799,64.8,592152025011258460253,2025-01-12 06:57:48,MP250112.0657.G94653,,2.0,CROSS_METER_MATCHED
63,44917051511699679793,2025-01-13 16:07:29,2025-01-13 16:06:56,37154463253,64.8,592152025011358514733,2025-01-13 16:06:53,MP250113.1606.D55831,,3.0,MATCHED
64,42483132344192945199,2025-01-16 11:46:27,2025-01-16 11:45:31,37154463253,64.8,592152025011658628036,2025-01-16 11:45:29,MP250116.1145.D05378,,2.0,MATCHED
65,63969540417444588904,2025-01-18 12:40:18,2025-01-18 12:37:33,37154463253,64.8,592152025011858709394,2025-01-18 12:37:30,MP250118.1237.H75152,,3.0,MATCHED
66,28119993180507913994,2025-01-21 08:34:42,2025-01-21 08:24:06,37154463253,64.8,592152025012158829569,2025-01-21 08:24:02,MP250121.0824.I29803,,4.0,MATCHED
67,60313058810220489762,2025-01-23 12:39:27,2025-01-23 12:38:52,37154463253,64.8,592152025012358934028,2025-01-23 12:38:49,MP250123.1238.D64222,,3.0,MATCHED
68,66571848706315169337,2025-01-25 12:05:21,2025-01-25 12:04:49,37154463253,64.8,592152025012559028744,2025-01-25 12:04:44,MP250125.1204.L98852,,5.0,MATCHED
69,23247868657099596168,2025-01-29 17:19:30,2025-01-29 17:18:15,37154463253,64.8,592152025012959246033,2025-01-29 17:18:12,MP250129.1718.Y99250,,3.0,MATCHED
70,17111353667776887996,2025-01-31 10:07:14,2025-01-30 16:17:54,37154345799,64.8,592152025013059294130,2025-01-30 16:17:52,MP250130.1617.H77685,,2.0,CROSS_METER_MATCHED
71,62374532458897939157,2025-01-31 10:13:52,2025-01-31 10:13:20,37154463253,64.8,592152025013159332632,2025-01-31 10:13:14,MP250131.1013.H30938,,6.0,MATCHED
72,48302709823835200000,2025-02-02 06:49:39,2025-02-02 06:48:53,37154463253,55.8,592152025020259457499,2025-02-02 06:48:49,MP250202.0648.A08733,,4.0,MATCHED
73,02886637253683799416,2025-02-03 09:59:19,2025-02-03 09:55:39,37154463253,560.0,592152025020359524006,2025-02-03 09:54:17,MP250203.0954.H88394,,82.0,MATCHED
74,67501867990311640292,2025-02-19 15:29:51,2025-02-19 15:28:58,37154463253,55.8,592152025021960276874,2025-02-19 15:28:56,MP250219.1528.D56706,,2.0,MATCHED
75,30483240524165131977,2025-02-22 10:00:29,2025-02-22 09:59:40,37154463253,55.8,592152025022260424945,2025-02-22 09:59:37,MP250222.0959.L24366,,3.0,MATCHED
76,56908793534767658503,2025-02-24 09:15:09,2025-02-24 09:14:39,37134859091,55.8,592152025022460525836,2025-02-24 09:14:36,MP250224.0914.I14294,,3.0,CROSS_METER_MATCHED
77,68839879859570032687,2025-02-24 11:01:47,2025-02-24 10:19:03,37154345799,55.8,592152025022460528896,2025-02-24 10:19:00,MP250224.1018.D24276,,3.0,CROSS_METER_MATCHED
78,43194049724562835759,2025-02-24 12:41:51,2025-02-24 12:41:17,37154463253,55.8,592152025022460533795,2025-02-24 12:41:14,MP250224.1241.G59588,,3.0,MATCHED
79,65127875001362779206,2025-02-26 14:58:01,2025-02-26 14:56:54,37154463253,55.8,592152025022660639150,2025-02-26 14:56:51,MP250226.1456.D52527,,3.0,MATCHED
80,17030726283054069137,2025-03-01 08:05:01,2025-03-01 08:04:15,37154463253,55.8,592152025030160789936,2025-03-01 08:04:13,MP250301.0804.G97979,,2.0,MATCHED
81,33583327668122440530,2025-03-03 08:17:45,2025-03-03 08:17:12,37154463253,55.8,592152025030360923891,2025-03-03 08:17:10,MP250303.0817.Y33774,,2.0,MATCHED
82,42006205344216440550,2025-03-04 09:45:28,2025-03-04 09:44:21,37154463253,55.8,592152025030460984225,2025-03-04 09:44:17,MP250304.0944.Y33208,,4.0,MATCHED
83,04249762098419570299,2025-03-05 17:05:16,2025-03-05 17:00:08,37154463253,55.8,592152025030561057865,2025-03-05 17:00:06,MP250305.1700.D60406,,2.0,MATCHED
84,29367031883555997783,2025-03-07 15:34:20,2025-03-07 15:33:10,37154463253,55.8,592152025030761142361,2025-03-07 15:32:39,MP250307.1532.B71427,,31.0,MATCHED
85,06289998334908824973,2025-03-09 10:38:16,2025-03-09 10:37:35,37154463253,55.8,592152025030961212583,2025-03-09 10:37:29,MP250309.1037.D21513,,6.0,MATCHED
86,72029686290258279437,2025-03-11 08:13:47,2025-03-11 08:12:30,37154463253,55.8,592152025031161294792,2025-03-11 08:12:26,MP250311.0812.A35943,,4.0,MATCHED
87,38600307531846961363,2025-03-12 10:51:10,2025-03-12 10:50:36,37154463253,55.8,592152025031261342712,2025-03-12 10:50:32,MP250312.1050.H17295,,4.0,MATCHED
88,37790387494508461117,2025-03-13 23:15:22,2025-03-13 23:12:16,37154463253,55.8,592152025031361417874,2025-03-13 23:12:09,MP250313.2312.H26025,,7.0,MATCHED
89,14349527313399683508,2025-03-18 12:03:34,2025-03-18 12:02:38,37154463253,55.8,592152025031861633980,2025-03-18 12:02:32,MP250318.1202.I25633,,6.0,MATCHED
90,47019820898956002181,2025-03-19 17:21:14,2025-03-19 17:20:27,37154463253,55.8,592152025031961698282,2025-03-19 17:20:24,MP250319.1720.A53930,,3.0,MATCHED
91,16991315657336360459,2025-03-20 18:33:35,2025-03-20 18:32:34,37154463253,55.8,592152025032061758151,2025-03-20 18:32:31,MP250320.1832.G43205,,3.0,MATCHED
92,42058775631271167314,2025-03-22 07:32:59,2025-03-22 07:19:57,37154463253,55.8,592152025032261834093,2025-03-22 07:19:54,MP250322.0719.Y61363,,3.0,MATCHED
93,36427368522690514503,2025-03-22 18:53:30,2025-03-22 18:51:48,37154345799,55.8,592152025032261873564,2025-03-22 18:51:45,MP250322.1851.L54801,,3.0,CROSS_METER_MATCHED
94,58036006653114587874,2025-03-22 19:19:41,2025-03-22 19:18:39,37154463253,55.8,592152025032261876211,2025-03-22 19:18:36,MP250322.1918.B62478,,3.0,MATCHED
95,60444476797164145702,2025-03-24 09:27:25,2025-03-24 09:26:21,37154463253,55.8,592152025032461955928,2025-03-24 09:26:19,MP250324.0926.D64307,,2.0,MATCHED
96,71729702772550119374,2025-03-25 09:43:30,2025-03-25 09:42:49,37154463253,55.8,592152025032562018000,2025-03-25 09:42:46,MP250325.0942.B06394,,3.0,MATCHED
97,18987439378255132426,2025-03-26 17:53:25,2025-03-26 17:24:23,37154463253,55.8,592152025032662104085,2025-03-26 17:24:21,MP250326.1724.B02362,,2.0,MATCHED
98,37088400314213315381,2025-03-28 13:01:45,2025-03-28 13:01:10,37154463253,55.8,592152025032862216519,2025-03-28 13:01:07,MP250328.1301.H48118,,3.0,MATCHED
99,14311865816289692983,2025-03-29 19:16:39,2025-03-29 19:15:44,37154345799,55.8,592152025032962309089,2025-03-29 19:15:39,MP250329.1915.L44006,,5.0,CROSS_METER_MATCHED
100,70219781743781614520,2025-03-29 19:59:16,2025-03-29 19:58:34,37154463253,55.8,592152025032962312643,2025-03-29 19:58:32,MP250329.1958.G53591,,2.0,MATCHED
101,07362909760747891619,2025-03-31 16:03:11,2025-03-31 16:01:59,37154345799,55.8,592152025033162415657,2025-03-31 16:01:55,MP250331.1601.A85576,,4.0,CROSS_METER_MATCHED
102,20161452481446288156,2025-03-31 16:25:54,2025-03-31 16:25:05,37154463253,55.8,592152025033162417011,2025-03-31 16:24:56,MP250331.1624.Y87751,,9.0,MATCHED
103,73690915382752790053,2025-04-02 09:42:49,2025-04-02 09:42:05,37154463253,55.8,592152025040262551287,2025-04-02 09:42:01,MP250402.0942.L11752,,4.0,MATCHED
104,00104841324222506683,2025-04-05 10:27:31,2025-04-05 10:27:05,37154463253,55.8,592152025040562716544,2025-04-05 10:27:02,MP250405.1027.Y18084,,3.0,MATCHED
105,45350580986955449725,2025-04-07 09:45:57,2025-04-07 09:45:16,37154463253,55.8,592152025040762805592,2025-04-07 09:45:10,MP250407.0945.Y69513,,6.0,MATCHED
106,01898892835067409949,2025-04-07 18:01:28,2025-04-07 17:59:19,37154463253,55.8,592152025040762826818,2025-04-07 17:59:16,MP250407.1759.L26332,,3.0,MATCHED
107,42925948895412836828,2025-04-09 10:55:43,2025-04-09 10:54:55,37154345799,55.8,592152025040962896025,2025-04-09 10:54:49,MP250409.1054.H91730,,6.0,CROSS_METER_MATCHED
108,58380081672060811631,2025-04-09 11:06:47,2025-04-09 11:06:01,37154463253,55.8,592152025040962896453,2025-04-09 11:05:53,MP250409.1105.A26975,,8.0,MATCHED
109,02017191711243519318,2025-04-13 10:11:42,2025-04-13 10:10:53,37154463253,55.8,592152025041363077195,2025-04-13 10:10:51,MP250413.1010.H67853,,2.0,MATCHED
110,18053103602217062443,2025-04-16 09:42:09,2025-04-16 08:20:18,37154345799,55.8,592152025041663216558,2025-04-16 08:20:16,MP250416.0820.I33956,,2.0,CROSS_METER_MATCHED
111,16636549704568329866,2025-04-16 11:39:02,2025-04-16 11:37:55,37154463253,55.8,592152025041663226078,,,,,UNMATCHED
112,55365932484562949100,2025-04-16 18:18:46,2025-04-16 18:17:53,37154463253,55.8,592152025041663246427,2025-04-16 18:17:51,MP250416.1817.H19275,,2.0,MATCHED
113,64797217616563856118,2025-04-17 11:21:48,2025-04-17 11:21:05,37154463253,55.8,592152025041763277293,2025-04-17 11:20:56,MP250417.1120.B92361,,9.0,MATCHED
114,01080486937054557134,2025-04-19 07:36:12,2025-04-19 07:35:37,37154463253,55.8,592152025041963349625,2025-04-19 07:35:34,MP250419.0735.H81156,,3.0,MATCHED
115,45079605020165663937,2025-04-23 10:14:17,2025-04-23 10:13:26,37154463253,55.8,592152025042363535369,2025-04-23 10:13:22,MP250423.1013.B56214,,4.0,MATCHED
116,59680886134414380113,2025-04-24 11:05:35,2025-04-24 11:04:50,37154463253,55.8,592152025042463594244,2025-04-24 11:04:21,MP250424.1104.Y33133,,29.0,MATCHED
117,53614335077974945929,2025-04-25 17:53:15,2025-04-25 17:52:40,37154463253,55.8,592152025042563669966,2025-04-25 17:52:33,MP250425.1752.A60066,,7.0,MATCHED
118,38126404482036119271,2025-04-26 14:04:21,2025-04-26 11:31:56,37154463253,55.8,592152025042663704640,,,,,UNMATCHED
119,71298313640069390224,2025-04-27 13:09:18,2025-04-27 13:07:22,37154463253,55.8,592152025042763768181,2025-04-27 13:07:20,MP250427.1307.B62721,,2.0,MATCHED
120,04007747198262760183,2025-04-28 10:45:40,2025-04-28 10:44:26,37154463253,55.8,592152025042863827266,2025-04-28 10:44:19,MP250428.1044.B14134,,7.0,MATCHED
121,23864889507543718676,2025-04-29 10:44:25,2025-04-29 10:42:15,37154463253,55.8,592152025042963888674,2025-04-29 10:42:06,MP250429.1042.D90384,,9.0,MATCHED
122,02251385686533833162,2025-04-30 14:16:05,2025-04-30 14:13:18,37154463253,55.8,592152025043063962528,2025-04-30 14:13:16,MP250430.1413.G90585,,2.0,MATCHED
123,59068505880166655737,2025-05-01 10:46:58,2025-05-01 10:46:20,37154463253,55.8,592152025050164024248,2025-05-01 10:46:12,MP250501.1046.I45976,,8.0,MATCHED
124,23561000664192869478,2025-05-03 10:25:00,2025-05-03 10:18:40,37154463253,55.8,592152025050364162040,2025-05-03 10:18:38,MP250503.1018.I93512,,2.0,MATCHED
125,65793233576839948972,2025-05-05 12:31:52,2025-05-05 12:30:22,37154463253,55.8,592152025050564261531,2025-05-05 12:30:18,MP250505.1230.L35994,,4.0,MATCHED
126,45480255016919221570,2025-05-06 08:46:12,2025-05-06 08:45:25,37154463253,55.8,592152025050664301102,2025-05-06 08:45:22,MP250506.0845.L67083,,3.0,MATCHED
127,25329654468339530898,2025-05-07 09:56:41,2025-05-07 09:56:06,37154463253,55.8,592152025050764347391,2025-05-07 09:56:03,MP250507.0956.G48793,,3.0,MATCHED
128,61065877182338232671,2025-05-09 06:29:47,2025-05-09 06:29:11,37154463253,55.8,592152025050964425183,2025-05-09 06:29:07,MP250509.0629.I54545,,4.0,MATCHED
129,40069793923903234173,2025-05-09 17:45:05,2025-05-09 17:43:43,37154463253,55.8,592152025050964452702,2025-05-09 17:43:41,MP250509.1743.L50518,,2.0,MATCHED
130,51888466957373599125,2025-05-10 10:28:02,2025-05-10 10:26:27,37154463253,55.8,592152025051064479373,2025-05-10 10:26:24,MP250510.1026.H59171,,3.0,MATCHED
131,21832287335020048801,2025-05-11 09:32:54,2025-05-11 09:32:02,37154463253,55.8,592152025051164520689,2025-05-11 09:31:56,MP250511.0931.A20543,,6.0,MATCHED
132,49889968567271466703,2025-05-12 07:18:22,2025-05-12 07:13:09,37154463253,55.8,592152025051264558918,2025-05-12 07:13:07,MP250512.0713.L71313,,2.0,MATCHED
133,03629373206588353188,2025-05-13 07:30:53,2025-05-13 07:30:21,37154463253,55.8,592152025051364601127,2025-05-13 07:30:17,MP250513.0730.L13947,,4.0,MATCHED
134,06333574185555404013,2025-05-13 15:36:40,2025-05-13 14:58:27,37154463253,55.8,592152025051364619917,2025-05-13 14:58:19,MP250513.1458.Y73726,,8.0,MATCHED
135,23796820187425822164,2025-05-14 13:48:24,2025-05-14 13:47:44,37154463253,55.8,592152025051464662031,2025-05-14 13:47:37,MP250514.1347.G58257,,7.0,MATCHED
136,24568557481826174062,2025-05-15 09:50:42,2025-05-15 09:50:11,37154463253,55.8,592152025051564696972,2025-05-15 09:50:06,MP250515.0950.G85119,,5.0,MATCHED
137,16895143267650778617,2025-05-16 10:27:14,2025-05-16 10:26:42,37154463253,55.8,592152025051664744946,2025-05-16 10:26:13,MP250516.1026.G51983,,29.0,MATCHED
138,34552722072548123952,2025-05-17 11:40:29,2025-05-17 11:39:27,37154463253,55.8,592152025051764796539,2025-05-17 11:39:18,MP250517.1139.I52789,,9.0,MATCHED
139,54584411709349789075,2025-05-18 09:36:28,2025-05-18 09:35:59,37154463253,55.8,592152025051864839302,2025-05-18 09:35:56,MP250518.0935.Y99353,,3.0,MATCHED
140,35193287877231694946,2025-05-19 12:32:01,2025-05-17 13:21:32,37154463253,55.8,592152025051764801029,2025-05-17 13:21:30,MP250517.1321.L67596,,2.0,MATCHED
141,36874403669751123489,2025-05-21 09:09:10,2025-05-21 09:07:11,37154463253,55.8,592152025052164989140,2025-05-21 09:07:09,MP250521.0907.A73517,,2.0,MATCHED
142,38150322608969412475,2025-05-22 12:00:50,2025-05-22 11:15:51,37154463253,55.8,592152025052265045844,2025-05-22 11:15:48,MP250522.1115.H46724,,3.0,MATCHED
143,70674463066887411439,2025-05-23 12:14:47,2025-05-23 12:14:14,37154463253,55.8,592152025052365098308,2025-05-23 12:14:10,MP250523.1214.G53957,,4.0,MATCHED
144,12111511753802591907,2025-05-24 08:55:42,2025-05-24 08:45:25,37154463253,55.8,592152025052465139934,2025-05-24 08:45:17,MP250524.0845.A84680,,8.0,MATCHED
145,39435680721336064843,2025-08-02 08:25:24,2025-08-02 08:24:35,37154463253,55.8,592152025080269000039,2025-08-02 08:24:32,MP250802.0824.H73933,16500.0,3.0,MATCHED
146,70643011556620100635,2025-08-04 08:40:32,2025-08-04 08:34:47,37154463253,55.8,592152025080469111154,2025-08-04 08:34:44,MP250804.0834.L46117,16500.0,3.0,MATCHED
147,68847808783705243331,2025-08-05 11:04:46,2025-08-05 11:03:48,37154463253,55.8,592152025080569168811,2025-08-05 11:03:44,MP250805.1103.D14379,16500.0,4.0,MATCHED
148,27471719857178164800,2025-08-07 09:12:20,2025-08-07 09:05:57,37154463253,55.8,592152025080769255392,2025-08-07 09:05:54,MP250807.0905.B22649,16500.0,3.0,MATCHED
149,19973808759821180584,2025-08-08 16:38:47,2025-08-08 15:48:32,37154463253,55.8,592152025080869311240,2025-08-08 15:48:28,MP250808.1548.H17583,16500.0,4.0,MATCHED
150,64887916671608395777,2025-08-09 10:58:02,2025-08-09 10:57:10,37154463253,55.8,592152025080969342106,2025-08-09 10:57:07,MP250809.1057.B25995,16500.0,3.0,MATCHED
151,69179011314274927693,2025-08-10 16:07:45,2025-08-10 15:59:58,37154463253,55.8,592152025081069394892,2025-08-10 15:59:55,MP250810.1559.B03995,16500.0,3.0,MATCHED
152,20856076079292622765,2025-08-11 12:51:32,2025-08-11 12:48:53,37154463253,55.8,592152025081169430640,2025-08-11 12:48:51,MP250811.1248.H19513,16500.0,2.0,MATCHED
153,03801403911526562743,2025-08-13 09:20:00,2025-08-13 09:17:32,37154463253,55.8,592152025081369507591,2025-08-13 09:17:28,MP250813.0917.Y71346,16500.0,4.0,MATCHED
154,33050463835617371213,2025-08-14 05:28:29,2025-08-14 05:27:31,37154463253,55.8,592152025081469542377,2025-08-14 05:27:27,MP250814.0527.A87211,16500.0,4.0,MATCHED
155,03436786364687397968,2025-08-26 11:06:36,2025-08-26 11:06:00,37154463253,55.8,592152025082670200009,2025-08-26 11:05:53,MP250826.1105.I90192,16500.0,7.0,MATCHED
156,22264662885007573912,2025-08-28 10:01:58,2025-08-28 10:00:51,37154463253,55.8,592152025082870315001,2025-08-28 10:00:46,MP250828.1000.D34232,16500.0,5.0,MATCHED
157,17516771642562786691,2025-08-30 09:27:36,2025-08-30 09:26:26,37154463253,55.8,592152025083070440653,2025-08-30 09:26:22,MP250830.0926.Y35889,16500.0,4.0,MATCHED
158,52982514923443053550,2025-08-31 15:40:11,2025-08-31 12:24:37,37154463253,55.8,592152025083170510840,2025-08-31 12:24:34,MP250831.1224.H15109,16500.0,3.0,MATCHED
159,01694665035542681470,2025-09-02 08:46:35,2025-09-02 07:54:39,37154463253,55.8,592152025090270645274,2025-09-02 07:54:36,MP250902.0754.L80664,16500.0,3.0,MATCHED
160,67030178578439825027,2025-09-09 10:42:04,2025-09-09 10:41:20,37154463253,55.8,592152025090971012338,2025-09-09 10:41:18,MP250909.1041.Y98704,16500.0,2.0,MATCHED
161,47449517674167249099,2025-09-12 10:19:39,2025-09-12 10:18:44,37154463253,55.8,592152025091271141442,2025-09-12 10:18:42,MP250912.1018.B37192,16500.0,2.0,MATCHED
162,03394948145471925849,2025-09-14 08:53:15,2025-09-14 08:52:11,37154463253,55.8,592152025091471229289,2025-09-14 08:52:08,MP250914.0852.Y38265,16500.0,3.0,MATCHED
163,00628534447177508499,2025-09-16 06:30:36,2025-09-16 06:29:46,37154463253,55.8,592152025091671323120,2025-09-16 06:29:42,MP250916.0629.B34991,16500.0,4.0,MATCHED
164,33729901143517815947,2025-09-17 16:36:50,2025-09-17 16:35:16,37154463253,55.8,592152025091771404069,2025-09-17 16:35:12,MP250917.1635.E65369,16500.0,4.0,MATCHED
165,55199450079099188868,2025-09-19 18:36:49,2025-09-19 18:35:12,37154463253,55.8,592152025091971524866,2025-09-19 18:35:07,MP250919.1835.Y91331,16500.0,5.0,MATCHED
166,24142414433364775679,2025-09-21 14:31:26,2025-09-21 13:53:31,37154463253,55.8,592152025092171628349,2025-09-21 13:53:28,MP250921.1353.B59459,16500.0,3.0,MATCHED
167,31347031335627261773,2025-09-23 10:57:39,2025-09-23 10:56:36,37154463253,55.8,592152025092371739513,2025-09-23 10:56:32,MP250923.1056.Y40119,16500.0,4.0,MATCHED
168,73741609877183754271,2025-09-25 09:25:26,2025-09-25 09:24:01,37154463253,55.8,592152025092571859909,2025-09-25 09:23:58,MP250925.0923.A42779,16500.0,3.0,MATCHED
169,65606849838045575009,2025-09-26 17:37:46,2025-09-26 17:05:39,37154463253,55.8,592152025092671945643,2025-09-26 17:05:35,MP250926.1705.E56136,16500.0,4.0,MATCHED
170,33123382434110583771,2025-09-28 06:55:05,2025-09-28 06:54:41,37154463253,55.8,592152025092872037994,2025-09-28 06:54:27,MP250928.0654.I90640,16500.0,14.0,MATCHED
171,04531927638826125653,2025-10-01 13:54:34,2025-10-01 13:53:51,37154463253,55.8,592152025100172269098,2025-10-01 13:53:48,MP251001.1353.L11918,16500.0,3.0,MATCHED
172,44362238534942542220,2025-10-02 12:47:00,2025-10-02 12:46:14,37154463253,55.8,592152025100272346924,2025-10-02 12:46:09,MP251002.1246.E67307,16500.0,5.0,MATCHED
173,27433897312234242079,2025-10-04 06:22:26,2025-10-04 06:21:37,37154463253,55.8,592152025100472446423,2025-10-04 06:21:34,MP251004.0621.L38215,16500.0,3.0,MATCHED
174,55703305300568451398,2025-10-06 05:57:28,2025-10-06 05:56:52,37154463253,55.8,592152025100672546254,2025-10-06 05:56:49,MP251006.0556.C69957,16500.0,3.0,MATCHED
175,64345500671235585403,2025-10-09 14:59:13,2025-10-09 14:58:44,37154463253,55.8,592152025100972695360,2025-10-09 14:58:39,MP251009.1458.L76206,16500.0,5.0,MATCHED
176,19124032623108659393,2025-10-09 19:05:06,2025-10-09 18:38:43,37154345799,55.8,592152025100972704169,2025-10-09 18:38:39,MP251009.1838.E12887,16500.0,4.0,CROSS_METER_MATCHED
177,21217170319525074198,2025-10-11 10:17:59,2025-10-11 10:16:48,37154463253,55.8,592152025101172772023,2025-10-11 10:16:42,MP251011.1016.B00114,16500.0,6.0,MATCHED
178,13070230411884533443,2025-10-12 09:23:49,2025-10-12 09:22:09,37154463253,55.8,592152025101272813215,2025-10-12 09:22:06,MP251012.0922.B54692,16500.0,3.0,MATCHED
179,43727981071811335894,2025-10-14 09:21:19,2025-10-14 09:20:13,37154463253,55.8,592152025101472903331,2025-10-14 09:20:10,MP251014.0920.H28925,16500.0,3.0,MATCHED
180,63311509915807012918,2025-10-15 08:57:31,2025-10-15 08:57:01,37154463253,55.8,592152025101572949966,2025-10-15 08:56:58,MP251015.0856.D93697,16500.0,3.0,MATCHED
181,69648692136976130558,2025-10-16 09:35:05,2025-10-16 09:33:45,37154463253,55.8,592152025101673003218,2025-10-16 09:33:39,MP251016.0933.I64981,16500.0,6.0,MATCHED
182,44430537242307546704,2025-10-17 10:32:34,2025-10-17 10:07:27,37154463253,55.8,592152025101773056397,2025-10-17 10:07:23,MP251017.1007.D39252,16500.0,4.0,MATCHED
183,16315141002379864777,2025-10-19 08:14:08,2025-10-19 08:13:31,37154463253,55.8,592152025101973152025,2025-10-19 08:13:27,MP251019.0813.D57853,16500.0,4.0,MATCHED
184,61384995070704257266,2025-10-19 18:38:47,2025-10-19 17:45:17,37154463253,55.8,592152025101973175996,2025-10-19 17:45:13,MP251019.1745.E44318,16500.0,4.0,MATCHED
185,18243358480339039168,2025-10-21 08:05:50,2025-10-21 08:04:22,37154463253,55.8,592152025102173258680,2025-10-21 08:04:18,MP251021.0804.Y81055,16500.0,4.0,MATCHED
186,00365267935999387196,2025-10-24 09:51:53,2025-10-24 09:51:18,37154463253,55.8,592152025102473438309,2025-10-24 09:51:14,MP251024.0951.L99182,16500.0,4.0,MATCHED
187,29592714415741339717,2025-10-25 19:18:20,2025-10-25 18:48:54,37154463253,55.8,592152025102573528201,2025-10-25 18:48:50,MP251025.1848.Y68282,16500.0,4.0,MATCHED
188,25230085726983621001,2025-10-26 13:15:33,2025-10-26 13:14:47,37154463253,55.8,592152025102673571005,2025-10-26 13:14:45,MP251026.1314.Y83824,16500.0,2.0,MATCHED
189,54259426520881081093,2025-10-28 07:36:49,2025-10-28 07:35:38,37154463253,55.8,592152025102873678926,2025-10-28 07:35:34,MP251028.0735.D72762,16500.0,4.0,MATCHED
190,31309208764806124634,2025-10-28 17:46:49,2025-10-28 17:45:44,37154463253,55.8,592152025102873711315,2025-10-28 17:45:42,MP251028.1745.A50529,16500.0,2.0,MATCHED
191,01727909508396489683,2025-10-30 15:52:57,2025-10-30 15:51:52,37154463253,55.8,592152025103073836703,2025-10-30 15:51:48,MP251030.1551.I46648,16500.0,4.0,MATCHED
192,11306585441605190671,2025-11-01 07:02:49,2025-11-01 06:57:37,37154463253,55.8,592152025110173944946,2025-11-01 06:57:33,MP251101.0657.G11940,16500.0,4.0,MATCHED
193,18698570101011357988,2025-11-01 14:13:36,2025-11-01 13:28:39,37154463253,55.8,592152025110173979955,2025-11-01 13:28:36,MP251101.1328.H76225,16500.0,3.0,MATCHED
194,62235700930954592473,2025-11-02 09:23:18,2025-11-02 09:22:23,37154463253,55.8,592152025110274046697,2025-11-02 09:22:19,MP251102.0922.L21351,16500.0,4.0,MATCHED
195,00727153332875809951,2025-11-03 09:28:29,2025-11-03 09:27:52,37154463253,55.8,592152025110374105453,2025-11-03 09:27:48,MP251103.0927.C92052,16500.0,4.0,MATCHED
196,11362004209341048184,2025-11-05 07:41:41,2025-11-05 07:39:56,37154463253,55.8,592152025110574202430,2025-11-05 07:39:52,MP251105.0739.G19752,16500.0,4.0,MATCHED
197,17269585270346248768,2025-11-07 12:30:14,2025-11-07 12:11:51,37154463253,55.8,592152025110774305552,2025-11-07 12:11:47,MP251107.1211.C20142,16500.0,4.0,MATCHED
198,52156465234512887145,2025-11-08 12:28:28,2025-11-08 11:11:25,37134002601,55.8,592152025110874347237,2025-11-08 11:11:21,MP251108.1111.B52327,16500.0,4.0,CROSS_METER_MATCHED
199,06365100136167602958,2025-11-08 12:33:04,2025-11-08 10:51:15,37154463253,55.8,592152025110874346483,2025-11-08 10:51:11,MP251108.1051.L49173,16500.0,4.0,MATCHED
200,13514707575654989940,2025-11-09 11:20:37,2025-11-09 11:06:50,37154463253,55.8,592152025110974391743,2025-11-09 11:06:46,MP251109.1106.Y25498,16500.0,4.0,MATCHED
201,56875785040402752044,2025-11-10 12:03:08,2025-11-10 12:02:21,37154463253,55.8,592152025111074453247,2025-11-10 12:02:13,MP251110.1202.E03647,16500.0,8.0,MATCHED
202,29179314328671893275,2025-11-11 16:01:04,2025-11-11 15:59:40,37154463253,55.8,592152025111174507524,2025-11-11 15:59:36,MP251111.1559.G82279,16500.0,4.0,MATCHED
203,16666235075991211292,2025-11-12 18:59:12,2025-11-12 18:58:37,37154463253,55.8,592152025111274561967,2025-11-12 18:58:31,MP251112.1858.A72400,16500.0,6.0,MATCHED
204,15571064398961507302,2025-11-13 13:21:54,2025-11-13 12:43:35,37154463253,55.8,592152025111374586677,2025-11-13 12:43:30,MP251113.1243.L56487,16500.0,5.0,MATCHED
205,73311221528364550473,2025-11-14 07:23:30,2025-11-14 07:22:51,37154463253,55.8,592152025111474618555,2025-11-14 07:22:47,MP251114.0722.I16189,16500.0,4.0,MATCHED
206,43521752734058347493,2025-11-14 13:02:53,2025-11-14 13:01:31,37154463253,55.8,592152025111474632402,2025-11-14 13:01:27,MP251114.1301.A59992,16500.0,4.0,MATCHED
207,69590499104861275986,2025-11-15 12:50:38,2025-11-15 12:49:56,37154463253,55.8,592152025111574676773,2025-11-15 12:49:53,MP251115.1249.H60280,16500.0,3.0,MATCHED
208,60301725594613444424,2025-11-16 08:51:47,2025-11-16 08:34:14,37154463253,55.8,592152025111674712228,2025-11-16 08:34:08,MP251116.0834.L86333,16500.0,6.0,MATCHED
209,48960590867078542227,2025-11-17 07:37:32,2025-11-17 07:32:13,37154463253,55.8,592152025111774750622,2025-11-17 07:32:10,MP251117.0732.C34740,16500.0,3.0,MATCHED
210,34103213901665541583,2025-11-17 17:07:17,2025-11-17 17:04:21,37154463253,55.8,592152025111774773667,2025-11-17 17:04:18,MP251117.1704.I11339,16500.0,3.0,MATCHED
211,14594757416590297950,2025-11-19 06:48:50,2025-11-19 06:48:02,37154463253,55.8,592152025111974845088,2025-11-19 06:47:59,MP251119.0647.I69199,16500.0,3.0,MATCHED
212,37060299907214298931,2025-11-20 09:32:34,2025-11-20 09:31:25,37154463253,55.8,592152025112074901177,2025-11-20 09:31:22,MP251120.0931.I40815,16500.0,3.0,MATCHED
213,61950706734380152263,2025-11-22 06:36:38,2025-11-22 06:36:07,37154463253,55.8,592152025112274993688,2025-11-22 06:36:04,MP251122.0636.Y65150,16500.0,3.0,MATCHED
214,42170257687364651073,2025-11-25 09:05:29,2025-11-25 09:04:52,37154463253,55.8,592152025112575162203,2025-11-25 09:04:53,MP251125.0904.L65254,16500.0,-1.0,PAY_AFTER_TOKEN
215,62714933989070492687,2025-11-26 08:58:49,2025-11-26 08:57:48,37154463253,55.8,592152025112675215986,2025-11-26 08:57:50,MP251126.0857.B16986,16500.0,-2.0,PAY_AFTER_TOKEN
216,56278927597381793841,2025-11-27 13:19:31,2025-11-27 12:42:51,37154463253,55.8,592152025112775287657,2025-11-27 12:42:49,MP251127.1242.C13508,16500.0,2.0,MATCHED
217,05140520679427057187,2025-11-28 18:57:22,2025-11-28 17:42:51,37154463253,55.8,592152025112875365109,2025-11-28 17:42:53,MP251128.1742.L13620,16500.0,-2.0,PAY_AFTER_TOKEN
218,31972857761351929955,2025-11-29 15:48:34,2025-11-29 15:47:08,37154463253,55.8,592152025112975422818,2025-11-29 15:47:02,MP251129.1546.E65364,16500.0,6.0,MATCHED
219,46533720848563250565,2025-11-30 13:16:39,2025-11-30 13:15:35,37154463253,55.8,592152025113075479255,2025-11-30 13:15:39,MP251130.1315.L13196,16500.0,-4.0,PAY_AFTER_TOKEN
220,45722060028006396657,2025-12-01 10:42:11,2025-12-01 10:38:20,37154463253,12.8,592152025120175536428,2025-12-01 10:38:22,MP251201.1038.H60501,3787.0,-2.0,PAY_AFTER_TOKEN
221,66726705595768489832,2025-12-01 13:08:35,2025-12-01 13:07:51,37154463253,55.8,592152025120175548442,2025-12-01 13:07:56,MP251201.1307.G80296,16500.0,-5.0,PAY_AFTER_TOKEN
222,03284107193241619661,2025-12-02 12:17:42,2025-12-02 12:15:08,37154463253,55.8,592152025120275630912,2025-12-02 12:15:10,MP251202.1215.D44549,16500.0,-2.0,PAY_AFTER_TOKEN
223,35413882621380012763,2025-12-06 15:41:20,2025-12-06 15:40:14,37154463253,55.8,592152025120675850077,2025-12-06 15:40:16,MP251206.1540.L93939,16500.0,-2.0,PAY_AFTER_TOKEN
224,27924231197023159606,2025-12-07 11:08:10,2025-12-07 11:06:59,37154463253,55.8,592152025120775880846,2025-12-07 11:07:01,MP251207.1106.L44047,16500.0,-2.0,PAY_AFTER_TOKEN
225,04579625408302663436,2025-12-08 09:59:30,2025-12-08 09:58:00,37154463253,55.8,592152025120875920690,2025-12-08 09:58:02,MP251208.0957.A94681,16500.0,-2.0,PAY_AFTER_TOKEN
226,16030584648140993015,2025-12-10 06:28:10,2025-12-10 06:27:31,37154463253,55.8,592152025121076000319,2025-12-10 06:27:34,MP251210.0627.G09737,16500.0,-3.0,PAY_AFTER_TOKEN
227,73306632422939534584,2025-12-11 08:21:08,2025-12-11 08:19:22,37154463253,55.8,592152025121176046095,2025-12-11 08:19:24,MP251211.0819.D80724,16500.0,-2.0,PAY_AFTER_TOKEN
228,39653344281764319843,2025-12-12 11:42:09,2025-12-12 11:30:03,37154463253,55.8,592152025121276095400,2025-12-12 11:30:05,MP251212.1130.B44137,16500.0,-2.0,PAY_AFTER_TOKEN
229,31022611480825865350,2025-12-13 10:29:27,2025-12-13 10:27:57,37154463253,55.8,592152025121376136292,2025-12-13 10:27:59,MP251213.1027.Y40069,16500.0,-2.0,PAY_AFTER_TOKEN
230,34223184018474258899,2025-12-14 12:40:59,2025-12-14 12:40:21,37154345799,55.8,592152025121476186687,2025-12-14 12:40:18,MP251214.1240.D56574,16500.0,3.0,CROSS_METER_MATCHED
231,46967897769575188033,2025-12-14 12:51:31,2025-12-14 12:50:42,37154463253,55.8,592152025121476187092,2025-12-14 12:50:39,MP251214.1250.E57998,16500.0,3.0,MATCHED
232,27590540937074236570,2025-12-15 10:00:41,2025-12-15 09:59:52,37154463253,55.8,592152025121576224681,2025-12-15 09:59:54,MP251215.0959.C94770,16500.0,-2.0,PAY_AFTER_TOKEN
233,58776113173977630119,2025-12-16 16:35:01,2025-12-16 16:34:15,37154463253,55.8,592152025121676290130,2025-12-16 16:34:17,MP251216.1634.H10408,16500.0,-2.0,PAY_AFTER_TOKEN
234,54706178472759615435,2025-12-19 08:26:04,2025-12-19 08:25:27,37154463253,55.8,592152025121976420503,2025-12-19 08:25:29,MP251219.0825.Y22677,16500.0,-2.0,PAY_AFTER_TOKEN
235,31525040357441654959,2025-12-20 12:16:07,2025-12-20 12:14:25,37154463253,55.8,592152025122076486341,2025-12-20 12:14:27,MP251220.1214.Y25758,16500.0,-2.0,PAY_AFTER_TOKEN
236,00288765933956770686,2025-12-22 12:26:02,2025-12-22 12:25:28,37154463253,55.8,592152025122276590817,2025-12-22 12:25:23,MP251222.1225.H70634,16500.0,5.0,MATCHED
237,59406136709276913773,2025-12-23 15:08:52,2025-12-23 15:08:04,37154463253,55.8,592152025122376654669,2025-12-23 15:07:58,MP251223.1507.B65014,16500.0,6.0,MATCHED
238,02374976310929383856,2025-12-25 05:46:16,2025-12-25 05:45:40,37154463253,55.8,592152025122576747827,2025-12-25 05:45:42,MP251225.0545.H95236,16500.0,-2.0,PAY_AFTER_TOKEN
239,61239373636532499760,2025-12-25 11:18:31,2025-12-25 11:17:17,37154463253,55.8,592152025122576766999,2025-12-25 11:17:18,MP251225.1117.B42959,16500.0,-1.0,PAY_AFTER_TOKEN
240,67477485937147170715,2025-12-26 19:26:44,2025-12-26 19:25:38,37154463253,55.8,592152025122676849746,2025-12-26 19:25:35,MP251226.1925.L95602,16500.0,3.0,MATCHED
241,10730249760842461236,2025-12-28 06:21:35,2025-12-28 06:21:04,37154463253,55.8,592152025122876912179,2025-12-28 06:21:00,MP251228.0620.I98152,16500.0,4.0,MATCHED
242,21289372930995832558,2025-12-28 18:07:41,2025-12-28 18:04:47,37154463253,55.8,592152025122876948342,2025-12-28 18:04:49,MP251228.1804.I95001,16500.0,-2.0,PAY_AFTER_TOKEN
243,48639884939124768065,2026-01-02 07:23:33,2026-01-02 07:23:03,37154463253,55.8,592152026010277245000,2026-01-02 07:23:00,MP260102.0722.Y33954,16500.0,3.0,MATCHED
244,54144657462442713252,2026-01-03 08:04:44,2026-01-03 08:03:57,37154463253,55.8,592152026010377309075,2026-01-03 08:03:49,MP260103.0803.D02902,16500.0,8.0,MATCHED
245,72126526783545168247,2026-01-10 06:02:24,2026-01-10 06:01:35,37154345799,55.4,592152026011077601550,2026-01-10 06:01:29,MP260110.0601.A04237,16500.0,6.0,CROSS_METER_MATCHED
246,44228097294406082519,2026-01-10 06:11:34,2026-01-10 06:10:50,37154463253,55.4,592152026011077602054,2026-01-10 06:10:44,MP260110.0610.B04847,16500.0,6.0,MATCHED
247,24162975400164387056,2026-01-11 10:20:08,2026-01-11 10:19:22,37154463253,55.4,592152026011177663285,2026-01-11 10:19:16,MP260111.1019.A86014,16500.0,6.0,MATCHED
248,01254061914601251093,2026-01-12 16:51:09,2026-01-12 16:50:25,37154463253,55.4,592152026011277722587,2026-01-12 16:50:21,MP260112.1650.A82455,16500.0,4.0,MATCHED
249,25319014656911818506,2026-01-13 14:21:06,2026-01-13 14:20:15,37154463253,55.4,592152026011377764596,2026-01-13 14:20:11,MP260113.1420.L60445,16500.0,4.0,MATCHED
250,05695806360423578880,2026-01-17 10:03:36,2026-01-17 10:02:08,37154463253,55.4,592152026011777954459,2026-01-17 10:02:04,MP260117.1002.I21031,16500.0,4.0,MATCHED
251,27894014624666901544,2026-01-19 10:41:46,2026-01-19 10:41:19,37154463253,55.4,592152026011978061980,2026-01-19 10:41:13,MP260119.1041.A29040,16500.0,6.0,MATCHED
252,29410651400110914198,2026-01-20 16:04:27,2026-01-20 16:03:47,37154463253,55.4,592152026012078128722,2026-01-20 16:03:43,MP260120.1603.B08407,16500.0,4.0,MATCHED
253,10576960563927826483,2026-01-22 08:41:24,2026-01-22 08:38:09,37154463253,49.4,592152026012278224077,2026-01-22 08:38:04,MP260122.0838.L17274,16500.0,5.0,MATCHED
254,39726032896152216363,2026-01-24 09:21:10,2026-01-24 08:53:58,37154463253,49.4,592152026012478343821,2026-01-24 08:54:02,MP260124.0853.L21311,16500.0,-4.0,PAY_AFTER_TOKEN
255,46726555856429281999,2026-01-25 09:28:40,2026-01-25 09:27:54,37154463253,49.4,592152026012578405324,2026-01-25 09:27:55,MP260125.0927.C68824,16500.0,-1.0,PAY_AFTER_TOKEN
256,04220867242095893196,2026-01-25 14:58:07,2026-01-25 14:57:28,37154345799,49.4,592152026012578421886,2026-01-25 14:57:29,MP260125.1457.Y08072,16500.0,1.0,CROSS_METER_MATCHED
257,35836719820509693544,2026-01-26 09:45:08,2026-01-26 09:44:17,37154463253,49.4,592152026012678468872,2026-01-26 09:44:20,MP260126.0944.I14219,16500.0,-3.0,PAY_AFTER_TOKEN
258,55704857803353354105,2026-01-27 12:59:28,2026-01-27 12:58:39,37154463253,49.4,592152026012778542353,2026-01-27 12:58:41,MP260127.1258.L72630,16500.0,-2.0,PAY_AFTER_TOKEN
259,54912584507830094262,2026-01-29 08:02:17,2026-01-29 08:01:51,37154463253,49.4,592152026012978649699,2026-01-29 08:01:48,MP260129.0801.B26224,16500.0,3.0,MATCHED
260,53705056242370155177,2026-01-30 09:22:34,2026-01-30 09:21:25,37154463253,49.4,592152026013078722043,2026-01-30 09:21:22,MP260130.0921.B76416,16500.0,3.0,MATCHED
261,36902512414451435438,2026-01-31 10:34:40,2026-01-31 10:34:10,37154463253,59.9,592152026013178797410,2026-01-31 10:34:11,MP260131.1034.A29988,20000.0,-1.0,PAY_AFTER_TOKEN
262,53827888271432514502,2026-02-01 13:41:00,2026-02-01 13:39:54,37154463253,59.9,592152026020178894618,2026-02-01 13:39:55,MP260201.1339.I10604,20000.0,-1.0,PAY_AFTER_TOKEN
263,33412063249835464243,2026-02-02 15:22:05,2026-02-02 15:20:58,37154463253,49.4,592152026020278991547,2026-02-02 15:21:00,MP260202.1520.D77706,16500.0,-2.0,PAY_AFTER_TOKEN
264,70092263657480151984,2026-02-04 07:50:44,2026-02-04 07:48:49,37154463253,59.9,592152026020479094542,2026-02-04 07:48:53,MP260204.0748.G07551,20000.0,-4.0,PAY_AFTER_TOKEN
265,47618701644178011404,2026-02-07 17:17:26,2026-02-07 17:15:31,37154463253,59.9,592152026020779280160,2026-02-07 17:15:28,MP260207.1715.G33582,20000.0,3.0,MATCHED
266,16713777183526758912,2026-02-08 12:57:46,2026-02-08 12:57:07,37154463253,59.9,592152026020879317830,2026-02-08 12:57:04,MP260208.1258.L50544,20000.0,3.0,MATCHED
267,05027214705347036999,2026-02-09 15:17:38,2026-02-09 15:16:55,37154463253,59.9,592152026020979372035,2026-02-09 15:16:45,MP260209.1518.E09448,20000.0,10.0,MATCHED
268,07909167280834131527,2026-02-10 15:27:45,2026-02-10 15:26:59,37154463253,59.9,592152026021079423422,2026-02-10 15:26:56,MP260210.1528.G64444,20000.0,3.0,MATCHED
269,09338230145074236705,2026-02-12 08:13:54,2026-02-12 08:13:14,37154463253,59.9,592152026021279506390,2026-02-12 08:13:09,MP260212.0814.L99961,20000.0,5.0,MATCHED
270,32125322921439391683,2026-02-14 16:23:36,2026-02-14 16:22:43,37154463253,59.9,592152026021479640939,2026-02-14 16:22:39,MP260214.1624.D53939,20000.0,4.0,MATCHED
271,26206978510209374357,2026-02-16 08:35:00,2026-02-16 08:34:08,37154463253,59.9,592152026021679725210,2026-02-16 08:34:03,MP260216.0835.I81452,20000.0,5.0,MATCHED
272,27831344071878935245,2026-02-17 12:06:35,2026-02-17 12:06:05,37154463253,59.9,592152026021779791785,2026-02-17 12:06:01,MP260217.1207.B51532,20000.0,4.0,MATCHED
273,47728652076268149864,2026-02-18 17:52:52,2026-02-18 17:52:15,37154463253,59.9,592152026021879866233,2026-02-18 17:52:12,MP260218.1753.E42137,20000.0,3.0,MATCHED
274,30246860728405982055,2026-02-21 07:53:22,2026-02-21 07:52:51,37154463253,59.9,592152026022180010461,2026-02-21 07:52:47,MP260221.0754.Y05941,20000.0,4.0,MATCHED
275,71777930880326478181,2026-02-22 08:42:35,2026-02-22 08:41:40,37154463253,59.9,592152026022280075153,2026-02-22 08:41:36,MP260222.0843.E68551,20000.0,4.0,MATCHED
276,44129796662012856967,2026-02-23 10:36:19,2026-02-23 10:35:34,37154463253,59.9,592152026022380113192,2026-02-23 10:35:30,MP260223.1037.G25015,20000.0,4.0,MATCHED
277,51169783887369451778,2026-02-24 21:08:23,2026-02-24 21:07:31,37154463253,59.9,592152026022480211383,2026-02-24 21:07:27,MP260224.2109.L72158,20000.0,4.0,MATCHED
278,57732303723346880926,2026-02-26 17:44:41,2026-02-26 17:43:59,37154463253,59.9,592152026022680312460,2026-02-26 17:43:56,MP260226.1745.G21270,20000.0,3.0,MATCHED
279,05396040106848392826,2026-02-28 13:36:14,2026-02-28 13:35:39,37154463253,59.9,592152026022880449764,2026-02-28 13:35:33,MP260228.1337.C99849,20000.0,6.0,MATCHED
280,12609407450974027521,2026-03-01 14:14:04,2026-03-01 14:13:21,37154463253,59.9,592152026030180501897,2026-03-01 14:12:36,MP260301.1414.C69621,20000.0,45.0,MATCHED
281,31062685748285751291,2026-03-02 10:19:17,2026-03-02 10:18:22,37154463253,59.9,592152026030280593077,2026-03-02 10:18:19,MP260302.1019.E98243,20000.0,3.0,MATCHED
282,60156573105444638673,2026-03-03 09:17:24,2026-03-03 09:16:56,37154463253,59.9,592152026030380670506,2026-03-03 09:16:52,MP260303.0918.H54341,20000.0,4.0,MATCHED
283,01009948682354763776,2026-03-04 11:19:11,2026-03-04 11:18:42,37154463253,59.9,592152026030480741057,2026-03-04 11:18:39,MP260304.1120.L29897,20000.0,3.0,MATCHED
284,31797291685744483586,2026-03-06 07:46:57,2026-03-06 07:45:05,37154463253,59.9,592152026030680843429,2026-03-06 07:44:58,MP260306.0746.H19555,20000.0,7.0,MATCHED
285,21007689242556327020,2026-03-06 16:39:46,2026-03-06 16:38:58,37154463253,59.9,592152026030680866328,2026-03-06 16:38:51,MP260306.1640.H88204,20000.0,7.0,MATCHED
286,57353010081464422777,2026-03-07 16:45:50,2026-03-07 16:45:23,37154463253,59.9,592152026030780917134,2026-03-07 16:45:19,MP260307.1647.I52729,20000.0,4.0,MATCHED
287,30719541821853294490,2026-03-08 18:44:03,2026-03-08 18:43:35,37154463253,59.9,592152026030880955738,2026-03-08 18:43:31,MP260308.1347.C81784,20000.0,4.0,MATCHED
288,62004402305360830688,2026-03-10 11:36:19,2026-03-10 11:34:58,37154463253,59.9,592152026031081045633,2026-03-10 11:34:53,MP260310.1134.C41558,20000.0,5.0,MATCHED
289,38857792909739138791,2026-03-12 10:59:08,2026-03-12 10:57:46,37154463253,59.9,592152026031281139499,2026-03-12 10:57:43,MP260312.1057.Y41982,20000.0,3.0,MATCHED
